id,logical_validity,believability,expected_answer,llm_response,parsed_answer,is_correct
1,Valid,Believable,Valid,"<think>
Okay, let me try to figure this out. So the question is about a syllogism. The premises are: All travellers are people. All tourists are travellers. The conclusion is All tourists are people. I need to determine if the conclusion logically follows from the premises. The answer should be either Valid or Invalid, and explain why.

First, I remember that a syllogism is a form of deductive reasoning with a major premise, a minor premise, and a conclusion. The structure is usually about categories. Let me break down the premises and conclusion.

Premise 1: All travellers are people. So, if something is a traveller, it must be a person. So the category of travellers is entirely within the category of people.

Premise 2: All tourists are travellers. So, tourists are a subset of travellers. Every tourist is a traveller.

Conclusion: All tourists are people. So, if tourists are travellers, and all travellers are people, then tourists must be people. That seems like a chain of reasoning.

Let me think in terms of sets. If tourists are a subset of travellers, and travellers are a subset of people, then tourists must be a subset of people. So, the conclusion follows. 

Wait, but I need to make sure about the structure. In syllogistic logic, the syllogism has three terms: major, minor, and middle. The conclusion should connect the major and minor terms through the middle term. Let me check the structure here.

The premises are:

All S are P. (All travellers are people. So S = travellers, P = people.)

All T are S. (All tourists are travellers. T = tourists, S = travellers.)

Conclusion: All T are P. (All tourists are people.)

So in syllogistic terms, the middle term is S (travellers), which is in both premises. The conclusion links T (tourists) and P (people). So the structure here is All S are P, All T are S, therefore All T are P. That seems like a valid syllogism, specifically the form called Barbara, which is a valid syl, the first figure. 

Wait, Barbara is the first figure: All M are P, All S are M, therefore All S are P. In this case, the premises are All S are P (S = travellers, P = people) and All T are S (T = tourists, S = travellers). So the middle term is S. Wait, maybe I need to adjust the order. Let me rephrase:

If the first premise is All travellers (S) are people (P). The second premise is All tourists (T) are travellers (S). Then the conclusion is All tourists (T) are people (P). So the structure is All S are P, All T are S, therefore All T are P. That's the same as Barbara. So the conclusion follows. 

Therefore, the syllogism is valid. The conclusion logically follows from the premises. So the answer should be Valid. 

But wait, maybe I need to check for any possible exceptions or if there's a case where it might not hold. For example, if there are tourists that are not travellers, but the premise says all tourists are travellers. So since all tourists are travellers, and all travellers are people, then tourists must be people. There's no overlap that could make the conclusion not hold. So yes, it's valid.
</think>

Valid. The conclusion logically follows from the premises. 

**Reasoning:**  
The premises establish two categorical relationships:  
1. **All travellers are people** (Travellers ⊆ People).  
2. **All tourists are travellers** (Tourists ⊆ Travellers).  

By the transitive property of subsets, if Tourists are a subset of Travellers, and Travellers are a subset of People, then Tourists must also be a subset of People. This forms a valid syllogism (Barbara, first figure), where the middle term (""travellers"") connects the premises to the conclusion. The conclusion **All tourists are people** necessarily follows from the premises.",Valid,True
2,Invalid,Unbelievable,Invalid,"<think>
Okay, let's tackle this syllogism problem. The user wants to know if the conclusion ""Ceramic is a metal"" logically follows from the premises ""All metals are solid"" and ""Ceramic is solid."" 

First, I need to recall what a syllogism is. A syllogism is a form of deductive reasoning where a conclusion is drawn from two premises. The classic structure is like: All A are B. All C are B. Therefore, A and C are related somehow. Wait, but the structure here might be different.

Let me break down the premises. Premise 1: All metals are solid. So, if something is a metal, then it must be solid. Premise 2: Ceramic is solid. So, ceramic is in the category of things that are solid. The conclusion is that ceramic is a metal. 

Wait, the conclusion is trying to say that because ceramic is solid, it must be a metal. But the first premise says that all metals are solid, which is a universal statement. However, the converse isn't necessarily true. Just because all metals are solid doesn't mean that all solids are metals. That's a common logical fallacy called affirming the consequent. 

Let me think of an example. If I say all dogs are mammals. Then, if something is a mammal, does that mean it's a dog? No, because there are other mammals like cats or elephants. So the same applies here. All metals are solid, but not all solids are metals. Therefore, knowing that ceramic is solid doesn't necessarily make it a metal. 

So the syllogism here is structured as:

Premise 1: All M (metals) are S (solid).
Premise 2: C (ceramic) is S.
Conclusion: C is M.

This is invalid because the premises don't establish that being solid is unique to metals. The conclusion is assuming that the only things that are solid are metals, which isn't stated. Therefore, the conclusion doesn't follow logically. 

So the answer should be Invalid because the premises don't support the conclusion. The reasoning is flawed because it's a converse error.
</think>

Invalid. The conclusion does not logically follow from the premises. 

**Explanation**:  
The premises state that ""All metals are solid"" (Premise 1) and ""Ceramic is solid"" (Premise 2). However, the conclusion ""Ceramic is a metal"" incorrectly assumes that being solid is exclusive to metals. This is a logical fallacy known as **affirming the consequent**. Just because all metals are solid (Premise 1) does not mean that *only* metals are solid. The premise ""Ceramic is solid"" (Premise 2) does not provide any information about ceramic's classification beyond its physical state. Therefore, the conclusion cannot be derived from the premises. 

The structure of the syllogism is invalid because it fails to establish a necessary connection between the categories ""solid"" and ""metal.""",Invalid,True
3,Valid,Unbelievable,Valid,"<think>
Okay, let's see. The user is asking about a syllogism and whether the conclusion logically follows from the premises. The syllogism given is:

Premise 1: All things that need oxygen have lungs.
Premise 2: Fire needs oxygen.
Conclusion: Fire has lungs.

So the question is whether the conclusion is valid or invalid. I need to determine if the conclusion necessarily follows from the premises, regardless of real-world facts.

First, let me recall what a syllogism is. A syllogism is a form of deductive reasoning where a conclusion is drawn from two premises. The classic structure is like:

All A are B.
All C are A.
Therefore, all C are B.

But here, the structure is slightly different. Let me break down the given premises.

Premise 1: All things that need oxygen have lungs. So, if something needs oxygen, then it has lungs. In logical terms, this can be represented as: If X needs oxygen, then X has lungs. So, X → Y (where X is needing oxygen, Y is having lungs).

Premise 2: Fire needs oxygen. So, Fire is an X here. So, applying the first premise, if Fire needs oxygen, then Fire has lungs. Therefore, the conclusion is that Fire has lungs.

Wait, but in syllogistic terms, is this a valid form? Let me think. The standard form is:

All A are B.
All C are A.
Therefore, All C are B.

But here, the first premise is ""All X (need oxygen) are Y (have lungs)."" The second premise is ""Fire is X (needs oxygen)."" So, the conclusion is ""Fire is Y (has lungs)."" So, in terms of syllogistic structure, this seems like a valid form. Because if all X are Y, and Fire is an X, then Fire must be Y. That's a classic syllogism, like ""All humans are mortal. Socrates is human. Therefore, Socrates is mortal.""

But wait, maybe there's a problem here. Let me check the structure again. The first premise is ""All things that need oxygen have lungs."" So, the subject is ""things that need oxygen,"" and the predicate is ""have lungs."" The second premise is ""Fire needs oxygen,"" so Fire is a thing that needs oxygen. Therefore, by the first premise, Fire must have lungs. That seems valid.

But wait, maybe there's a hidden assumption. For example, the first premise says ""things that need oxygen have lungs."" But does needing oxygen necessarily mean that they have lungs? In reality, some things that need oxygen might not have lungs. For example, maybe a candle flame needs oxygen but doesn't have lungs. However, the question says to ignore real-world facts and just check the logic. So even if in reality it's not true, if the premises are taken as given, then the conclusion follows.

Wait, but the conclusion is about fire having lungs. The premises are that all things needing oxygen have lungs, and fire needs oxygen. Therefore, fire has lungs. So, if we accept the premises as true, then the conclusion must be true. So, the reasoning is valid.

But maybe there's a problem with the structure. Let me consider another angle. The first premise is a universal statement: For all X, if X needs oxygen, then X has lungs. The second premise is that Fire needs oxygen. Therefore, applying modus ponens: If X needs oxygen → X has lungs. Fire needs oxygen. Therefore, Fire has lungs. So that's modus ponens, which is valid. So the conclusion logically follows.

So the answer should be Valid. But wait, sometimes in syllogisms, there can be issues with the middle term not being distributed. Let me check the syllogistic structure. The first premise is ""All things that need oxygen have lungs."" Let's rephrase that as All A are B, where A is ""things that need oxygen,"" and B is ""have lungs."" The second premise is ""Fire is A."" So the conclusion is ""Fire is B."" That's a standard syllogism, which is valid. So the conclusion follows.

Therefore, the answer is Valid. But wait, I need to make sure. Another way: The premises are:

1. All X (need oxygen) → Y (have lungs)
2. Fire is X (needs oxygen)
Therefore, Fire is Y (has lungs)

This is a valid inference. So the conclusion is valid.
</think>

**Valid**  
The conclusion logically follows from the premises. Using the structure of a syllogism, Premise 1 states that all entities requiring oxygen have lungs. Premise 2 identifies fire as an entity that requires oxygen. Applying modus ponens (if A → B and A is true, then B is true), the conclusion that fire has lungs necessarily follows. Even if the premises are factually incorrect (e.g., fire does not have lungs), the logical structure is valid because the premises directly entail the conclusion.",Valid,True
4,Invalid,Believable,Invalid,"<think>
Okay, let's see. I need to figure out if the conclusion ""Oaks are trees"" logically follows from the premises given. The premises are: All trees have roots. Oaks have roots. So, the conclusion is that oaks are trees.

First, I remember that a syllogism has two premises and a conclusion. The structure here is a bit tricky. Let me recall the basic forms of syllogisms. There's the classic one like ""All A are B. All C are B. Therefore, A and C are the same?"" Wait, no, maybe not. Let me think again.

The first premise is ""All trees have roots."" So in logical terms, that's like saying if something is a tree (T), then it has roots (R). So T → R. The second premise is ""Oaks have roots."" So, oaks (O) have roots (R), which is O → R. The conclusion is ""Oaks are trees,"" which would be O → T.

Wait, but the premises are T → R and O → R. Does that mean O → T? That doesn't seem right. Because if all trees have roots, that doesn't mean that anything that has roots is a tree. For example, a rock has roots? Wait, no, rocks don't have roots. Wait, maybe the premise is that all trees have roots, but other things might also have roots. So, if oaks have roots, that doesn't necessarily mean they are trees. Because there could be other things with roots that aren't trees. So the conclusion is making an assumption that having roots is sufficient to be a tree, but the premises only state that being a tree is necessary for having roots. So the conclusion is reversing the direction of the implication.

In formal logic, if we have All A are B (A → B), and then we have C is B (C → B), that doesn't allow us to conclude that C is A. Because the first premise is about A being a subset of B, but the second is about C being in B. So C could be in B but not in A. Therefore, the conclusion that C is A is not necessarily valid. 

So in this case, the conclusion ""Oaks are trees"" would be invalid because the premises don't establish that having roots is sufficient for being a tree. The premises only say that being a tree is necessary for having roots, not that having roots is sufficient for being a tree. Therefore, the syllogism is invalid.
</think>

Invalid. The premises state that all trees have roots (T → R) and oaks have roots (O → R). However, this does not logically entail that oaks are trees (O → T). The first premise establishes that trees are a subset of things with roots, but the second premise only confirms that oaks are in the set of things with roots. Since other entities (e.g., plants, animals, or even non-living objects) could also have roots, the conclusion assumes that having roots is sufficient to be a tree, which is not supported by the premises. Thus, the conclusion does not follow logically.",Invalid,True
5,Valid,Believable,Valid,"<think>
Okay, let's tackle this syllogism problem. So, the question is whether the conclusion ""some men are tall"" logically follows from the premises ""All basketball players are tall"" and ""Some basketball players are men."" I need to determine if the conclusion is valid or invalid, regardless of real-world facts.

First, I should recall what a syllogism is. A syllogism is a form of deductive reasoning consisting of two premises and a conclusion. The classic structure is like: All A are B. All C are A. Therefore, all C are B. But here, the premises are different. Let me break down the given premises.

Premise 1: All basketball players are tall. So, if someone is a basketball player, they are tall. That's a universal statement.

Premise 2: Some basketball players are men. So, there's an overlap between basketball players and men. That means at least one basketball player is a man.

The conclusion is that some men are tall. So, from the premises, we have that some basketball players are men, and all basketball players are tall. So, if those men are basketball players, then they are tall. Therefore, some men are tall. Wait, but does that hold?

Let me think in terms of sets. Let's consider the categories. All basketball players (let's say set B) are in the set of tall people (set T). So, B is a subset of T. Then, some members of B are in the set of men (set M). So, there's an overlap between B and M. Therefore, those members of B that are in M are also in T. Therefore, there are some men (those in B ∩ M) who are tall. So, that would mean some men are tall. So, the conclusion seems to follow.

But wait, maybe there's a problem. Let me check the syllogism structure. The first premise is All B are T. The second premise is Some B are M. Conclusion: Some M are T. Is that a valid syllogism?

In traditional syllogistic logic, the form would be:

All B are T.

Some B are M.

Therefore, some M are T.

But in syllogistic terms, the middle term is B. The first premise is universal (All B are T), the second is particular (Some B are M). The conclusion is a particular (Some M are T). 

But in syllogistic logic, the validity depends on the mood and figure. The mood here would be All B are T, Some B are M, therefore Some M are T. The figure is the position of the middle term. Since the middle term is B, which is in the subject of the first premise and the predicate of the second premise. Wait, the first premise is All B are T (B is subject, T is predicate). The second premise is Some B are M (B is subject, M is predicate). So the middle term is B, which is the subject in both premises. So the figure is first figure. 

But according to the syllogistic rules, the conclusion must be in the same figure. Let me check if the syllogism is valid. The first premise is All B are T. The second premise is Some B are M. The conclusion is Some M are T. 

Wait, in syllogistic logic, the conclusion that Some M are T would require that the middle term is distributed in at least one premise. Let me recall the rules. The middle term must be distributed in at least one premise. In the first premise, All B are T, the middle term is B. B is the subject here, which in a universal affirmative (All B are T) is not distributed. In the second premise, Some B are M, the middle term B is the subject, which in a particular affirmative is not distributed. So the middle term B is not distributed in either premise. That violates the rule that the middle term must be distributed in at least one premise. Wait, but that's a problem. Wait, no. Wait, the middle term is B. The middle term is the term that is in both premises but not in the conclusion. So, in the first premise, All B are T (B is subject, T is predicate). In the second premise, Some B are M (B is subject, M is predicate). So the middle term is B. But since B is the subject in both premises, and in the first premise, it's a universal, so the subject is not distributed. In the second premise, the subject is B, which in a particular affirmative is not distributed. Therefore, the middle term B is not distributed in either premise. According to syllogistic rules, the middle term must be distributed in at least one premise. Wait, but in this case, it's not. Therefore, the syllogism is invalid. 

Wait, but that contradicts my earlier reasoning. Let me think again. So according to the syllogistic rules, the syllogism would be invalid because the middle term is not distributed in either premise. Therefore, the conclusion doesn't necessarily follow. But then why did my initial reasoning think it does? Because if some B are M, and all B are T, then those B that are M are T. Therefore, some M are T. But maybe there's a case where B is a subset of T, and some B are M, but those B that are M could be a subset of B, which is a subset of T. So, the conclusion would be that some M are T. But according to syllogistic logic, this is a case of the syllogism being invalid because the middle term isn't distributed. Wait, but maybe I'm mixing the traditional syllogistic logic with modern logic. Let me check.

Alternatively, perhaps the syllogism is valid in modern logic. Let's use predicate logic. Let me represent it.

Premise 1: All basketball players are tall. So, for all x, if x is a basketball player, then x is tall.

Premise 2: Some basketball players are men. So, there exists an x such that x is a basketball player and x is a man.

Conclusion: Some men are tall. So, there exists an x such that x is a man and x is tall.

Now, from premise 2, there exists an x (say, person A) such that A is a basketball player and A is a man. From premise 1, since A is a basketball player, A is tall. Therefore, A is a man and A is tall. Therefore, there exists a man who is tall. Therefore, the conclusion follows. So, in predicate logic, the conclusion is valid. 

But earlier, in syllogistic terms, the middle term is not distributed. Wait, but maybe in syllogistic logic, the conclusion is valid. Wait, maybe I was wrong about the distribution. Let me check again.

In traditional syllogistic logic, the syllogism is considered valid if the conclusion follows from the premises. The syllogism here is:

All B are T.

Some B are M.

Therefore, Some M are T.

This is known as the syllogism called ""Barbara"" but with a particular premise. Wait, Barbara is All M are P, All S are M, therefore All S are P. But here, the structure is different. Wait, perhaps it's a form of syllogism called ""Celarent"" or something else. Let me think. The structure here is:

Premise 1: All B are T.

Premise 2: Some B are M.

Conclusion: Some M are T.

This is a syllogism in the first figure. The middle term is B, which is the subject of the first premise and the subject of the second premise. The conclusion has the predicate of the first premise (T) and the predicate of the second premise (M). 

In syllogistic logic, the conclusion's quality (affirmative or negative) is determined by the premises. Since both premises are affirmative, the conclusion is affirmative. The conclusion is a particular affirmative (Some M are T). 

Now, the syllogism's validity depends on the rules. One of the rules is that the middle term must be distributed in at least one premise. In this case, the middle term B is not distributed in either premise. The first premise is All B are T (B is subject, not distributed). The second premise is Some B are M (B is subject, not distributed). Therefore, the middle term is not distributed in either premise, which is a violation of the syllogistic rule. Therefore, the syllogism is invalid. 

But wait, in predicate logic, the conclusion does follow. So there's a contradiction here. Why is that?

Ah, because traditional syllogistic logic has different rules and sometimes treats particular premises differently. Wait, but in modern logic, the syllogism is valid. However, in traditional syllogistic logic, the syllogism is considered invalid because the middle term is not distributed. But in reality, the syllogism is valid in predicate logic. 

Wait, maybe I made a mistake in the syllogistic analysis. Let me check again. The syllogism is:

Premise 1: All B are T.

Premise 2: Some B are M.

Conclusion: Some M are T.

This is the syllogism known as ""Darii"" in the first figure. Wait, no. Darii is All M are P, Some S are M, therefore Some S are P. Wait, that's different. 

Alternatively, perhaps this is a syllogism that is invalid in syllogistic logic but valid in predicate logic. Wait, but in syllogistic logic, the conclusion is allowed to have the predicate of the first premise and the subject of the second premise. 

But the problem is that the middle term isn't distributed. So, the syllogism is invalid in traditional logic. However, in modern logic, it's valid. So, the user is asking whether the conclusion follows, and the answer depends on whether we use traditional syllogistic rules or modern predicate logic. 

But the question says ""You are a helpful assistant. You are a helpful assistant. Please reason step by step..."" So, perhaps the correct approach is to use predicate logic and determine that the conclusion is valid. Because in predicate logic, the conclusion follows. 

So, the reasoning is: from the existence of a basketball player who is a man (from premise 2), and knowing that all basketball players are tall (premise 1), that person must be a man who is tall. Therefore, there exists a man who is tall, so the conclusion follows. 

Therefore, the answer is that the conclusion is valid. 

But why did I think earlier that the syllogism is invalid in traditional logic? Because of the distribution of the middle term. But in modern logic, it's valid. So, perhaps the user is expecting the answer based on modern logic, which is valid. 

Therefore, the answer is that the conclusion follows. So, the answer is ""Yes, the conclusion follows from the premises.""
</think>

The conclusion that ""Some men are tall"" logically follows from the premises:

1. **Premise 1**: All basketball players are tall.  
   - In predicate logic, this is expressed as:  
     $$\forall x (\text{BasketballPlayer}(x) \rightarrow \text{Tall}(x))$$

2. **Premise 2**: Some basketball players are men.  
   - This translates to:  
     $$\exists x (\text{BasketballPlayer}(x) \land \text{Man}(x))$$

---

### Step-by-Step Reasoning:

- **From Premise 2**, there exists at least one individual $ x $ such that $ x $ is a **basketball player** and $ x $ is a **man**.  
- **From Premise 1**, since $ x $ is a basketball player, it must also be **tall**.  
- Therefore, this individual $ x $ satisfies both **being a man** and **being tall**.  
- This directly proves the existence of a **man who is tall**, which is the **conclusion**:  
  $$\exists x (\text{Man}(x) \land \text{Tall}(x))$$

---

### Key Insight:

While traditional syllogistic logic might flag this as invalid due to the **middle term not being distributed**, **modern predicate logic** confirms that the conclusion **necessarily follows** from the premises. The existence of a shared individual (a basketball player who is a man) allows the logical connection between the premises and the conclusion.

---

### Final Answer:

**Yes, the conclusion follows from the premises.**  
$$
\boxed{\text{Yes, the conclusion follows from the premises.}}
$$",Invalid,False
6,Valid,Unbelievable,Valid,"<think>
Okay, let's see. The user is asking whether the conclusion ""all daisies are red"" logically follows from the premises ""all flowers are red"" and ""all daisies are flowers."" I need to determine if this is a valid syllogism or not.

First, I remember that in syllogistic logic, a valid argument is one where if the premises are true, the conclusion must also be true. So I need to check if the conclusion necessarily follows from the premises.

Premise 1 says all flowers are red. Premise 2 says all daisies are flowers. So if every daisy is a flower, and every flower is red, then every daisy must be red. That seems straightforward. Let me think of it in terms of sets. If the set of daisies is a subset of the set of flowers, and the set of flowers is entirely within the set of red things, then daisies must be within the red set. So the conclusion should follow.

Wait, but maybe there's a trick here. Sometimes people confuse syllogisms with real-world knowledge. For example, if all flowers are red, but maybe there's a case where a daisy isn't a flower? But according to premise 2, all daisies are flowers. So there's no overlap issue. The premises are about the categories. So the syllogism is structured as:

All A are B.
All C are A.
Therefore, all C are B.

Which is a standard syllogism. The form here is Barbara, which is valid. So the conclusion should be valid. Therefore, the answer should be Valid. But I need to make sure I'm not missing something. Let me check another angle. If there's a possibility that some flowers are not red, but the premise says all flowers are red, so that's not a case. The premises are universal. So yes, the conclusion follows. So the answer is Valid.
</think>

Valid. 

The syllogism follows the structure of a valid categorical syllogism (Barbara form). Premise 1 states that all flowers are red, and Premise 2 states that all daisies are flowers. Since daisies are a subset of flowers, and all flowers are red, it necessarily follows that all daisies are red. The conclusion logically derives from the premises without requiring additional assumptions or real-world knowledge. The reasoning is valid because the premises guarantee the conclusion's truth.",Valid,True
7,Invalid,Believable,Invalid,"<think>
Okay, let me try to figure this out. So the syllogism given is:

Premise 1: All metals conduct electricity.
Premise 2: Iron conducts electricity.
Conclusion: Therefore, Iron is a metal.

I need to determine if the conclusion logically follows from the premises. The user wants a ""Valid"" or ""Invalid"" answer and an explanation. Let me recall what a syllogism is. A syllogism is a form of deductive reasoning where you have two premises and a conclusion. The classic example is like ""All men are mortal. Socrates is a man. Therefore, Socrates is mortal.""

So, in this case, the first premise is a universal statement: All metals conduct electricity. The second premise is a specific case: Iron conducts electricity. The conclusion is that Iron is a metal. Wait, but the structure here seems different from the classic syllogism. Let me think about the logical structure.

In syllogistic terms, the first premise is a universal affirmative (All M are P). The second premise is a particular affirmative (S is P). The conclusion is that S is M. Wait, but in standard syllogism forms, the conclusion should follow a certain structure. Let me recall the syllogism rules.

The standard form is:

All M are P.
All S are M.
Therefore, All S are P.

But here, the premises are:

All M (metals) are P (conduct electricity).
S (iron) is P (conducts electricity).
Conclusion: S is M.

Hmm, so this is different. The first premise is a universal statement, and the second is a particular. The conclusion is asserting that the particular is part of the universal category. But in logic, this is not a valid form. Because if all metals conduct electricity, then any metal will conduct electricity. But if something conducts electricity, it might be a metal, but there could be other things that conduct electricity. For example, graphite is non-metallic but conducts electricity. So from ""All M are P"" and ""S is P"", you can't conclude that S is M. That's the fallacy of the converse. The first premise is All M are P, which doesn't mean that all P are M. So the conclusion is reversing the direction of the implication. Therefore, the syllogism is invalid.

Wait, but maybe I should check if there's a syllogistic form that allows this. Let me think. The syllogism has three terms: M (metals), P (conduct electricity), S (iron). The first premise is M-P. The second premise is S-P. The conclusion is S-M. In syllogistic terms, this would be a syllogism with two premises and a conclusion that has the middle term in the predicate of the first premise and the subject of the second premise. Wait, no. Let me try to structure it properly.

First premise: All M are P.
Second premise: S is P.
Conclusion: Therefore, S is M.

This is similar to the syllogism known as ""affirmative"" but in standard s, it's not valid. The problem is that the conclusion is affirming the consequent. For example, if the premise is ""If it's a metal, then it conducts electricity"" (which is equivalent to All M are P), and then we know that a certain thing conducts electricity (S is P), does that mean it's a metal? No, because there might be other things that conduct electricity. So this is a logical fallacy called affirming the consequent. Therefore, the conclusion does not follow logically.

Therefore, the answer should be Invalid. The premises don't necessarily lead to the conclusion because the second premise only tells us that Iron is in the set of things that conduct electricity, but that set includes more than just metals. Hence, the conclusion that Iron is a metal doesn't logically follow from the premises.
</think>

Invalid.  
The conclusion does not logically follow from the premises. Premise 1 states that all metals conduct electricity (a universal statement), but Premise 2 only tells us that iron conducts electricity (a specific case). The error lies in assuming that because iron conducts electricity, it must be a metal. However, the premise ""All metals conduct electricity"" does not imply the converse: that anything conducting electricity is a metal. There could be non-metallic substances (e.g., graphite, certain semiconductors) that also conduct electricity. Thus, the conclusion commits the fallacy of affirming the consequent, making the syllogism invalid.",Invalid,True
8,Invalid,Unbelievable,Invalid,"<think>
Okay, let's tackle this syllogism problem. The user wants to know if the conclusion logically follows from the premises, regardless of whether the premises are true or not. Let me break it down step by step.

First, the premises are:
1. All cats speak French.
2. Some French speakers have tails.
Conclusion: Therefore, all cats have tails.

So, the question is whether the conclusion necessarily follows from the premises. To check this, I need to recall the structure of syllogisms and the rules of logical validity.

Let me start by translating the premises into logical statements. 

Premise 1: All cats (C) are French speakers (F). In logical terms, this can be written as C → F. So, if something is a cat, then it is a French speaker.

Premise 2: Some French speakers have tails. This is an existential statement. In formal logic, ""Some F are T"" translates to ∃x (F(x) ∧ T(x)), meaning there exists at least one French speaker who has a tail.

The conclusion is that all cats have tails. So, C → T. 

Now, to see if the conclusion follows, we need to check if from the premises, we can derive the conclusion. Let's think about how these premises interact. 

From premise 1, we know that every cat is a French speaker. But premise 2 says that some French speakers have tails. However, ""some"" doesn't mean all. So, even though all cats are French speakers, the fact that some French speakers have tails doesn't necessarily mean that all French speakers (including all cats) have tails. 

Wait, but the conclusion is about all cats having tails. So, if all cats are French speakers, and some French speakers have tails, does that imply all cats have tails? Not necessarily. Because the ""some"" in premise 2 could be a subset of French speakers that don't include all cats. For example, maybe some French speakers (like humans) have tails, but cats aren't part of that subset. Wait, but cats are French speakers, so if the ""some French speakers"" include some cats, then maybe? But the problem is that premise 2 doesn't specify that the French speakers with tails include all cats. 

Let me think of a Venn diagram. Suppose we have a universal set of French speakers. All cats are within this set. Now, premise 2 says that some of the French speakers (a subset) have tails. The conclusion is that all cats are in the subset that has tails. But premise 2 doesn't state that all French speakers have tails, only that some do. Therefore, there's no guarantee that all cats (which are part of the French speakers) are in the subset that has tails. 

So, the conclusion doesn't follow logically. The premises don't provide enough information to conclude that all cats have tails. The premises only tell us that some French speakers have tails, but not all. Therefore, even though all cats are French speakers, the fact that some French speakers have tails doesn't mean all do. 

Another way to look at it: The premises are about the relationship between cats and French speakers, and between French speakers and tails. The conclusion is about cats and tails. But the middle term here is French speakers. However, the second premise is a universal affirmative (some) which isn't sufficient to connect all cats to tails. 

In syllogistic logic, the form of the syllogism here would be:

Premise 1: All C are F.
Premise 2: Some F are T.
Conclusion: All C are T.

This is a classic example of a syllogism that is invalid. In syllogistic terms, the middle term (F) is not distributed in either premise. The first premise is universal (All C are F), and the second is particular (Some F are T). The middle term F is not distributed in either premise, so the conclusion doesn't follow. 

The syllogism is invalid because the premises don't establish that all French speakers have tails, only that some do. Therefore, the conclusion that all cats have tails isn't necessarily true based on the given premises. 

So, the answer should be Invalid because the conclusion doesn't logically follow from the premises.
</think>

Invalid. 

The conclusion does not logically follow from the premises. Here's why:  
- **Premise 1** states that all cats are French speakers (C → F).  
- **Premise 2** states that some French speakers have tails (∃x (F(x) ∧ T(x))).  

However, the conclusion (""all cats have tails"") requires that **all** French speakers (including cats) have tails. But Premise 2 only asserts that **some** French speakers have tails, not all. Since the premises do not guarantee that cats (as a subset of French speakers) are included in the ""some"" that have tails, the conclusion cannot be logically deduced. The syllogism fails because the middle term (""French speakers"") is not distributed in either premise, and the conclusion introduces a universal claim not supported by the premises. 

Thus, the reasoning is invalid.",Invalid,True
9,Valid,Believable,Valid,"<think>
Okay, let's tackle this syllogism problem. So, the question is whether the conclusion ""all sparrows have feathers"" logically follows from the two premises given. The premises are: All birds have feathers, and all sparrows are birds. The answer needs to be either Valid or Invalid, and then an explanation.

First, I need to recall what a syllogism is. A syllogism is a form of deductive reasoning consisting of two premises and a conclusion. The classic example is something like ""All men are mortal. Socrates is a man. Therefore, Socrates is mortal."" That's a valid syllogism because the conclusion necessarily follows from the premises.

Now, applying that to the given problem. Let's break down the premises and the conclusion.

Premise 1: All birds have feathers. So, if something is a bird, then it must have feathers. This is a universal statement.

Premise 2: All sparrows are birds. So, if something is a sparrow, then it is a bird. Another universal statement.

Conclusion: Therefore, all sparrows have feathers. So, combining the two premises, if sparrows are birds and all birds have feathers, then sparrows must have feathers.

Let me think about the logical structure here. The first premise is a universal statement about birds (all birds are feathered). The second premise is that sparrows are a subset of birds. So, if all birds are feathered, and sparrows are birds, then sparrows must be feathered. This seems like a classic syllogism structure. 

In syllogistic terms, the premises are in the form of ""All A are B"" and ""All C are A,"" leading to ""All C are B."" That's a valid form. The syllogism here is in the form of Barbara (AAA-1), which is one of the valid syllogistic forms. 

Wait, but sometimes people get confused between validity and truth. The question specifically says to ignore whether the conclusion is factually true or believable, just whether it logically follows. So even if in reality sparrows do have feathers, the question is about the logical structure. 

So, if the premises are true, then the conclusion must be true. Let me check for any possible logical fallacy here. Are there any cases where even if all birds have feathers and all sparrows are birds, it's possible that some sparrows don't have feathers? If the premises are true, then no. Because if all sparrows are birds, and all birds have feathers, then every sparrow is a bird, and hence has feathers. There's no possibility of a sparrow being a bird without feathers. So the conclusion must follow. 

Another way to think about it is using syllogistic logic. The middle term here is ""birds."" The first premise links birds to feathers, the second premise links sparrows to birds. Therefore, sparrows are linked to feathers via the middle term. Since the premises are universal, the conclusion is also universal. 

I don't see any flaws in this reasoning. Therefore, the conclusion is valid.
</think>

Valid. The conclusion logically follows from the premises. 

**Reasoning**:  
The premises are structured as universal statements:  
1. All birds have feathers (All A are B).  
2. All sparrows are birds (All C are A).  

Using syllogistic logic, these premises lead to the conclusion ""All sparrows have feathers"" (All C are B). This follows the valid form known as **Barbara** (AAA-1), where the middle term ""birds"" connects the premises. Since every sparrow is a bird and all birds have feathers, it necessarily follows that all sparrows have feathers. The conclusion is valid regardless of real-world facts, as the logical structure ensures the conclusion must be true if the premises are true.",Valid,True
10,Valid,Unbelievable,Valid,"<think>
Okay, so I need to figure out if the conclusion ""all whales can fly"" logically follows from the premises ""all mammals can fly"" and ""all whales are mammals."" Let me start by recalling what a syllogism is. A syllogism is a form of deductive reasoning where a conclusion is drawn from two premises. The classic example is like ""All men are mortal. Socrates is a man. Therefore, Socrates is mortal.""

In this case, the premises are:

1. All mammals can fly.
2. All whales are mammals.

Conclusion: All whales can fly.

So, the structure here seems to be a standard syllogism. Let me break it down. The first premise is a universal statement about mammals. The second premise says whales are a subset of mammals. Then the conclusion applies the property of flying to whales. 

Wait, in syllogistic logic, the form is typically like:

All A are B.
All C are A.
Therefore, all C are B.

Which would be valid. So substituting A as mammals, B as can fly, and C as whales. So according to that structure, the conclusion should follow. But wait, the problem says to determine if the conclusion logically follows regardless of whether the premises are true. So even if the premises are false, like if all mammals can't fly, but the structure is valid.

But the question is about logical validity, not truth. So even if the premises are false, if the conclusion follows from the premises, then it's valid. 

Wait, but here, the premises are ""All mammals can fly"" and ""All whales are mammals."" So if we accept these as true, then the conclusion ""all whales can fly"" must also be true. So the reasoning is valid. Because if all mammals can fly, and whales are mammals, then whales must be able to fly. 

But wait, in reality, whales can't fly, but the question isn't about the truth of the premises but the logical structure. So regardless of whether the premises are true, the conclusion follows from them. Therefore, the syllogism is valid. 

But I need to make sure I'm not missing something. Let me think again. The syllogism is in the form of All A are B, All C are A, therefore All C are B. That's a standard syllogism known as the Barbara syllogism, which is valid. So in this case, the conclusion does follow. Therefore, the answer should be Valid.

Wait, but sometimes people confuse validity with truth. But the question specifically says to ignore the factual truth and just check if the conclusion follows from the premises. So even if the premises are false, the structure is valid. So the answer is Valid.
</think>

Valid. 

The syllogism follows the standard form of a valid deductive argument. The premises are structured as:  
1. All mammals (A) can fly (B).  
2. All whales (C) are mammals (A).  

By the rules of syllogistic logic, if all C are A and all A are B, then all C must be B. Therefore, the conclusion ""all whales can fly"" logically follows from the premises, regardless of whether the premises are factually true. The validity of the argument depends solely on the structure, not the actual truth of the premises.",Valid,True
11,Invalid,Believable,Invalid,"<think>
Okay, let's see. The user is asking whether the conclusion ""apples are fruits"" logically follows from the premises ""All fruits are healthy"" and ""Apples are healthy."" Hmm, I need to check if the conclusion is valid based on the premises, regardless of real-world facts.

First, let me recall what a syllogism is. A syllogism is a form of deductive reasoning with two premises and a conclusion. The classic form is like: All A are B. C is B. Therefore, C is A. Wait, but that's not exactly the case here. Let me break down the premises.

Premise 1: All fruits are healthy. So, if something is a fruit, then it's healthy. In logical terms, Fruits → Healthy.

Premise 2: Apples are healthy. So, Apples → Healthy.

Conclusion: Apples are fruits. So, Apples → Fruits.

Wait, but how does that follow? Let me think. If all fruits are healthy, that means the set of fruits is a subset of healthy things. But the second premise says apples are healthy, which could mean apples are in the set of healthy things. But just because apples are healthy doesn't mean they have to be in the subset of fruits. Because there could be other things that are healthy but not fruits. For example, vegetables can be healthy too. So, the premises don't necessarily link apples to being fruits. 

So the conclusion is trying to say that because apples are healthy (which is a property that all fruits have), apples must be fruits. But that's not necessarily true. The premises don't establish that only fruits are healthy. So the conclusion doesn't logically follow. Therefore, the syllogism is invalid. 

Let me think of an example. Suppose all dogs are mammals. If a cat is a mammal, can we conclude the cat is a dog? No, because being a mammal includes other animals. Similarly, here, being healthy includes more than just fruits. So the conclusion doesn't follow. So the answer should be Invalid.
</think>

Invalid.  

**Explanation:**  
The premises state that all fruits are healthy (Premise 1) and that apples are healthy (Premise 2). However, the conclusion assumes that being healthy is exclusive to fruits, which is not supported by the premises. The premises only establish that fruits are a subset of healthy things, but they do not exclude other categories (e.g., vegetables, meats) from being healthy. Therefore, the conclusion ""apples are fruits"" does not logically follow from the premises. The syllogism commits a logical fallacy by assuming that the property of being healthy (shared by apples and fruits) implies a categorical relationship (apples being fruits) without sufficient evidence.",Invalid,True
12,Invalid,Unbelievable,Invalid,"<think>
Okay, let's see. The user is asking whether the conclusion ""all dogs can bark"" logically follows from the premises ""all dogs are fish"" and ""some fish can bark."" I need to determine if the reasoning is valid or invalid, regardless of whether the premises are true in reality.

First, I remember that in syllogistic logic, the validity of an argument depends on the structure, not the actual truth of the premises. So even if the premises are false, if the conclusion follows logically, it's valid. But here, the question is about logical validity, not factual truth.

Let me break down the premises. Premise 1: All dogs are fish. So, if something is a dog, it must be a fish. Premise 2: Some fish can bark. That means there's at least one fish that can bark. The conclusion is that all dogs can bark. 

Wait, so from the premises, we know that all dogs are fish. But premise two says some fish can bark. But that ""some fish"" might not include all fish. So even though all dogs are fish, the fact that some fish can bark doesn't necessarily mean that all fish (including dogs) can bark. 

For example, if all dogs are fish, but only some fish (like a specific subset) can bark. The conclusion is making a universal claim about all dogs, which might not follow. Because the premises don't state that all fish can bark, only that some can. So the conclusion could be that some dogs can bark, but the conclusion says all. 

In syllogistic terms, the form here might be: All D are F. Some F are B. Therefore, all D are B. That's not a valid syllogistic form. The standard forms are things like All M are P, All S are M, therefore All S are P. But here, the second premise is ""Some F are B,"" which is a particular affirmative. So the conclusion is a universal affirmative. 

In traditional syllogism, you can't derive a universal conclusion from a particular premise. The syllogism would be invalid because the premises don't provide enough information to conclude that all dogs can bark. The premises only tell us that some fish can bark, but not all. Therefore, even though all dogs are fish, the fact that some fish can bark doesn't necessarily mean all dogs (which are fish) can bark. So the conclusion doesn't logically follow. 

Therefore, the answer should be Invalid because the premises don't support the conclusion. The structure of the syllogism is flawed; the conclusion doesn't follow from the premises even if the premises are true.
</think>

**Invalid**  

The conclusion does not logically follow from the premises. Here's why:  

1. **Premise 1**: ""All dogs are fish"" (All D are F).  
2. **Premise 2**: ""Some fish can bark"" (Some F are B).  
3. **Conclusion**: ""All dogs can bark"" (All D are B).  

This syllogism fails because the premises do not establish a universal link between dogs and barking. While all dogs are fish, the second premise only asserts that *some* fish (not all) can bark. There is no logical necessity that the subset of fish (dogs) included in the ""some fish"" must also be the ones that can bark. The conclusion assumes a universal property (all dogs can bark) based on a particular claim (some fish can bark), which is not valid in formal logic.  

**Key issue**: The syllogism incorrectly infers a universal conclusion from a particular premise. Valid syllogisms require the premises to directly connect the subject and predicate of the conclusion. Here, the premises do not provide sufficient information to conclude that all dogs can bark.",Valid,False
13,Valid,Believable,Valid,"<think>
Okay, let's tackle this syllogism problem. The user wants to know if the conclusion logically follows from the premises, regardless of real-world facts. Let me break it down step by step.

First, the premises are:

1. No cats are reptiles.
2. All tigers are cats.
3. All reptiles are cold-blooded.

The conclusion is: No tigers are cold-blooded.

Hmm. Let me recall syllogism rules. A syllogism has three terms: major, minor, and middle. The conclusion should follow from the premises using valid forms like Barbara, Celarent, etc. But maybe I should use Venn diagrams or logical deductions.

Starting with premise 1: No cats are reptiles. So, the set of cats and reptiles are disjoint. Premise 2 says all tigers are cats. So tigers are a subset of cats. Since cats and reptiles don't overlap, tigers can't be reptiles. Then premise 3 says all reptiles are cold-blooded. Wait, but if tigers are not reptiles, does that mean they aren't cold-blooded? Not necessarily. Because the premise says all reptiles are cold-blooded, but it doesn't say that only reptiles are cold-blooded. So there could be other animals that are cold-blooded, like fish or amphibians. So tigers, being cats, might be warm-blooded or not. But the conclusion is saying they aren't cold-blooded, which might not follow.

Wait, let me think again. The premises state that all reptiles are cold-blooded, but that doesn't mean that only reptiles are cold-blooded. So even if tigers aren't reptiles, they could still be cold-blooded. Therefore, the conclusion that no tigers are cold-blooded isn't necessarily true based on the premises. The premises don't provide information about tigers' thermoregulation. So the conclusion doesn't logically follow. Therefore, the syllogism is invalid.

Alternatively, let me check the structure. Let's represent it formally.

Premise 1: All cats are non-reptiles (No cats are reptiles).
Premise 2: All tigers are cats.
Premise 3: All reptiles are cold-blooded.

From premise 1 and 2, we can infer that all tigers are non-reptiles. So tigers are not reptiles. But premise 3 says all reptiles are cold-blooded, but that doesn't say anything about non-reptiles. So the conclusion is about tigers not being cold-blooded, but there's no premise that links non-reptiles to cold-bloodedness. Therefore, the conclusion is an invalid inference because it's possible for tigers to be cold-blooded even if they aren't reptiles. Hence, the syllogism is invalid.
</think>

Invalid. 

**Reasoning:**  
The premises state that all reptiles are cold-blooded (Premise 3), but they do not specify that only reptiles are cold-blooded. Since tigers are cats (Premise 2) and no cats are reptiles (Premise 1), tigers are not reptiles. However, the premises provide no information about whether tigers (or non-reptiles) are cold-blooded. The conclusion assumes that because tigers are not reptiles, they cannot be cold-blooded, which is a logical fallacy. The premises do not establish a necessary connection between non-reptiles and thermoregulation. Thus, the conclusion does not follow from the premises.",Invalid,False
14,Invalid,Believable,Invalid,"<think>
Okay, let's tackle this syllogism problem. So, the user wants to know if the conclusion logically follows from the premises, regardless of whether the conclusion is factually true. Let me break down each part step by step.

First, let's list out the premises again to make sure I have them right:

Premise 1: All teachers are educated.
Premise 2: Some educated people read daily.
Premise 3: All who read daily write well.
Conclusion: Therefore, some teachers write well.

Alright, so the conclusion is that some teachers write well. Let me think about how these premises connect.

Starting with Premise 1: All teachers are educated. So, if someone is a teacher, they must be educated. That's a universal statement. Then Premise 2 says some educated people read daily. So, there's an overlap here between educated people and those who read daily. But it's ""some,"" not all. So, not every educated person reads daily, just some of them.

Premise 3 is a universal statement: All who read daily write well. So, if someone reads daily, then they write well. So, the chain here is teachers → educated (Premise 1), some educated → read daily (Premise 2), and those who read daily → write well (Premise 3). The conclusion is that some teachers write well.

Wait, but how do these link together? Let's try to map it out. Since all teachers are educated, but only some educated people read daily. So, the set of teachers is a subset of educated people. Then, some of the educated people (which includes teachers?) are in the group that reads daily. But since ""some"" doesn't necessarily mean that teachers are among those who read daily. It's possible that the ""some educated people"" who read daily are not teachers. So, the link between teachers and reading daily is not established directly. 

Let me think with a Venn diagram approach. Imagine the universal set of people. Teachers are a subset of educated people. Then, the educated people are split into two parts: some read daily, and some don't. The ""some educated people who read daily"" could be entirely separate from the teachers. Therefore, even though all teachers are educated, the subset of educated people who read daily might not include any teachers. Therefore, we can't conclude that some teachers read daily, and thus can't say they write well. 

But wait, the conclusion is ""some teachers write well."" To get there, we need to connect teachers to writing well. The premises give that if someone reads daily, they write well. So, if we can show that some teachers read daily, then they would write well. But does the premises ensure that?

Premise 2 says some educated people read daily. Since all teachers are educated, but the ""some"" in Premise 2 might not include teachers. It's possible that the educated people who read daily are a different group. For example, maybe there are some educated people (like scientists) who read daily, but teachers are not part of that group. So, the premises don't guarantee that any teachers are in the group that reads daily. Therefore, we can't conclude that any teachers read daily, hence we can't conclude they write well. 

But maybe there's an overlap? Let me think again. Let's suppose that the educated people who read daily could be a subset of the educated people. Since all teachers are educated, maybe some of those who read daily are teachers. But since the premises only state that ""some"" educated people read daily, that ""some"" could include teachers, but it's not guaranteed. In logic, ""some"" doesn't imply that there's an overlap unless specified. So, the premises don't necessarily link teachers to the ""some"" educated people who read daily. 

So, the conclusion that some teachers write well would require that at least one teacher is in the group that reads daily. But the premises don't ensure that. Therefore, the conclusion doesn't necessarily follow. So the syllogism is invalid. 

Wait, but maybe there's another way to look at it. Let's try to formalize the statements. 

Premise 1: All T are E. (T → E)
Premise 2: Some E are R. (E ∩ R ≠ ∅)
Premise 3: All R are W. (R → W)
Conclusion: Some T are W. (T ∩ W ≠ ∅)

So, to get from the premises to the conclusion, we need to find that there's an overlap between T and W. The premises tell us that E includes R, but since T is a subset of E, the overlap between T and R is not necessarily non-empty. Because the E ∩ R could be a separate subset from T. 

For example, suppose all teachers are in E, but the E ∩ R is a different subset. So, T might not intersect with R. Therefore, even though all R are W, if there's no overlap between T and R, then T and W might not overlap. 

Therefore, the conclusion doesn't logically follow. The premises don't guarantee that some teachers read daily, hence they can't conclude that some teachers write well. So the answer should be invalid.
</think>

Invalid. 

**Explanation:**  
The premises establish that all teachers are educated (Premise 1), some educated people read daily (Premise 2), and all who read daily write well (Premise 3). However, the conclusion (""some teachers write well"") relies on an implicit assumption that the ""some educated people who read daily"" overlap with teachers. 

- **Premise 2** only guarantees that *some* educated individuals read daily, but it does not specify whether these individuals include teachers. The overlap between teachers and the ""some educated people who read daily"" is not logically guaranteed.  
- **Premise 3** links reading daily to writing well, but without knowing that *some teachers* read daily, the conclusion cannot be drawn.  

Thus, the premises do not ensure that any teachers fall into the category of writers, making the conclusion **invalid**.",Invalid,True
15,Valid,Unbelievable,Valid,"<think>
Okay, let's see. The user wants to know if the conclusion ""some talking trees are jellyfish"" logically follows from the given premises. Let me break it down step by step.

First, let's recall the structure of a syllogism. A syllogism has three parts: two premises and a conclusion. Each premise has a subject and a predicate, and the conclusion connects them. The key is whether the conclusion necessarily follows from the premises using logical rules.

The premises given are:

1. All talking trees are philosophers.
2. Some philosophers are invisible.
3. All invisible beings are jellyfish.

Conclusion: Some talking trees are jellyfish.

So, let's represent these in terms of sets or categories. Let me think of each term as a category.

First, premise 1: All talking trees (T) are philosophers (P). So, T is a subset of P. In set terms, T ⊂ P.

Premise 2: Some philosophers are invisible. So, there's an overlap between P and I (invisible beings). Since it's ""some,"" it's not all, but at least some. So, P ∩ I ≠ ∅.

Premise 3: All invisible beings (I) are jellyfish (J). So, I ⊂ J.

Now, the conclusion is that some talking trees are jellyfish: T ∩ J ≠ ∅.

To see if this follows, we need to check if the premises guarantee that there's an overlap between T and J.

Starting with premise 1: All T are P. So, T is entirely within P.

Premise 2 says some P are I. That means there's a part of P that overlaps with I. But since all I are J (premise 3), that part of P that's I is also J. But does that mean that the T (which is part of P) overlaps with J?

Wait, here's a possible problem. The premises say some philosophers are invisible, but that doesn't necessarily mean that the talking trees (which are philosophers) are among those invisible philosophers. Because ""some philosophers are invisible"" could refer to a different subset of philosophers that aren't necessarily the talking trees. So, the talking trees are philosophers, but the invisible philosophers could be a different group. Therefore, there's no guarantee that the talking trees are in the group that's invisible. So even though all invisible beings are jellyfish, if the talking trees aren't among the invisible philosophers, then they wouldn't be jellyfish.

So the logic here is that the premises connect T to P, P to I, and I to J. But the connection from T to J requires that T overlaps with the I. However, premise 2 only states that some P are I, not that all P are I or that T is part of that some. Therefore, the conclusion that some T are J might not hold because the overlap between T and I isn't established.

Let me think of an example. Suppose there are talking trees (T), philosophers (P). Let's say there are two groups of philosophers: one group that is invisible (I) and another that isn't. The talking trees could be in the non-invisible part of P. Then, since all invisible beings (I) are jellyfish, but the talking trees aren't in I, they wouldn't be jellyfish. Therefore, the conclusion that some talking trees are jellyfish doesn't necessarily follow.

Another way: using syllogistic logic. The premises are:

1. All T are P.
2. Some P are I.
3. All I are J.

The conclusion is Some T are J.

In syllogistic terms, the middle term is P. The first premise is universal (All T are P), the second is particular (Some P are I), and the third is universal (All I are J). The conclusion is a particular (Some T are J). 

In traditional syllogism, the middle term must be distributed in at least one premise. Here, the middle term is P. In the first premise, P is the predicate, so it's not distributed. In the second premise, P is the subject, and since it's ""some,"" P is not distributed. Therefore, the middle term isn't distributed in either premise, which is a problem because in a valid syllogism, the middle term must be distributed in at least one premise. Wait, but maybe I'm mixing up the terms here. Let me check again.

Wait, the syllogism has three terms: T, P, I, J. Wait, the conclusion is T and J. So the middle term is P, and the other terms are T and J. Wait, but the premises involve P and I, and then I and J. So the middle term is actually I? Wait, no. Let me clarify.

Wait, the premises are:

1. All T are P.
2. Some P are I.
3. All I are J.

So, the terms are T, P, I, J. The conclusion is T and J. The middle term is P (since the conclusion is T and J, and the premises connect T-P, P-I, I-J). Wait, but the middle term is the one that connects the two premises. So the middle term here is P and I? Wait, maybe I need to look at the structure.

In syllogistic terms, the structure is:

Premise 1: All T are P.

Premise 2: Some P are I.

Premise 3: All I are J.

Conclusion: Some T are J.

But in traditional syllogism, each syllogism has three terms. Here, the terms are T, P, I, J. Wait, that's four terms, which isn't standard. Wait, no. Let me see. The conclusion is about T and J. The premises involve T-P, P-I, I-J. So the three terms are T, P, I, J? Wait, that's four terms, which is not possible in a standard syllogism. Wait, maybe I'm making a mistake here.

Wait, actually, the syllogism should have three terms. Let me check again. The conclusion is ""some talking trees are jellyfish."" So the three terms are talking trees (T), jellyfish (J), and the middle term. Wait, but the premises involve talking trees (T) and philosophers (P), then philosophers (P) and invisible beings (I), then invisible beings (I) and jellyfish (J). So the three terms are T, J, and the middle term is P and I? Wait, maybe not. The middle term is actually P and I? No, the middle term in a syllogism is the term that appears in both premises but not in the conclusion. Wait, the conclusion is about T and J. The premises are:

1. T-P (All T are P)
2. P-I (Some P are I)
3. I-J (All I are J)

So the middle term is P (since it's in both the first and second premises), but the third premise has I and J. Wait, but the middle term is the one that connects the two premises. So the first premise connects T to P, the second premise connects P to I, and the third connects I to J. So the syllogism is T-P, P-I, I-J, leading to T-J. But in a traditional syllogism, each syllogism has three terms. Here, it's T, P, I, J, which is four terms. So that's not a standard syllogism. Wait, perhaps the user made a mistake, but maybe I'm misunderstanding.

Wait, no. Let's think again. The conclusion is about T and J. The premises connect T to P, P to I, and I to J. So the three terms are T, P, I, J? No, actually, the terms are T, P, I, J, but that's four terms. Wait, that can't be. Wait, maybe the middle term is I. Wait, the first premise is T-P, the second is P-I, the third is I-J. So the middle terms are P and I? Hmm, perhaps the syllogism is not a standard one. Maybe it's a chain of syllogisms. But in that case, the conclusion might not follow.

Alternatively, maybe the middle term is I. Wait, let me think. The conclusion is T-J. To get that, you need to have a connection between T and J through some middle term. But the premises are T-P, P-I, I-J. So, if we can link T and J through P and I. However, the problem is that in the second premise, it's ""some P are I"" which is a particular statement, not a universal. So, even though all I are J, the fact that some P are I might not connect to T unless T is part of that some P.

But since all T are P, but we don't know if any of the T are in the subset of P that are I. The premises only tell us that some P are I, but not all. So the conclusion that some T are J would require that some T are in the subset of P that are I. But since we don't know that, the conclusion doesn't necessarily follow.

Therefore, the syllogism is invalid. Therefore, the answer is that the conclusion doesn't necessarily follow, so the argument is invalid.
</think>

The argument presented is:

1. **All talking trees (T) are philosophers (P).**  
2. **Some philosophers (P) are invisible beings (I).**  
3. **All invisible beings (I) are jellyfish (J).**  
**Conclusion:** *Some talking trees (T) are jellyfish (J).*

---

### Step-by-Step Analysis:

This is a chain of inferences, but it is **not a valid syllogism** in classical logic. Here's why:

1. **Premise 1 (T → P)** links **T** and **P**.
2. **Premise 2 (Some P are I)** links **P** and **I** (only partially).
3. **Premise 3 (I → J)** links **I** and **J**.
4. The conclusion attempts to link **T** and **J**.

However, the **middle term** in this chain is not clearly defined. The premises involve **T → P**, **P → I**, and **I → J**, but the conclusion **T → J** is not guaranteed. The key issue is that **Premise 2** is a **particular** statement (""Some P are I""), not a **universal** one. This means that even though some P are I, and all I are J, it does **not necessarily follow** that some of the P that are I are also T. In other words:

- We know that all **T are P**, but we don’t know if **any of those T** fall into the subset of **P that are I**.
- Since **some P are I**, it's possible that **some of those P are also T**, but it's **not guaranteed**.
- Therefore, the conclusion that **some T are J** is **not logically entailed** by the premises.

---

### Logical Structure:

The argument can be rephrased as a syllogism in the form:

- All **T** are **P**.
- Some **P** are **I**.
- All **I** are **J**.
- ∴ Some **T** are **J**.

This is a **logical fallacy** (specifically, **a converse error** or **a non sequitur**) because the chain of reasoning does not guarantee the conclusion. The premises do **not** ensure that any **T** intersects with **I** or **J**.

---

### Final Answer:

**The conclusion does not necessarily follow from the premises.** The argument is **invalid**. Therefore, the correct response is:

> ✅ **The argument is invalid.**",Invalid,False
16,Invalid,Unbelievable,Invalid,"<think>
Okay, let's tackle this syllogism problem. The user wants to know if the conclusion logically follows from the premises, regardless of real-world truth. So I need to focus on logical structure, not facts.

First, let me list out the premises and the conclusion again to make sure I have them right:

Premise 1: All square moons are made of chocolate.
Premise 2: Some chocolate objects are hollow.
Premise 3: No hollow things can orbit.
Conclusion: Therefore, all square moons cannot orbit.

Alright, the conclusion is ""all square moons cannot orbit."" Let's break down each part.

Starting with Premise 1: All square moons are made of chocolate. So, if something is a square moon, it's a chocolate object. That's a universal statement.

Premise 2: Some chocolate objects are hollow. This is an existential statement. So there exists at least some chocolate objects that are hollow. But not all, just some.

Premise 3: No hollow things can orbit. So if something is hollow, it cannot orbit. So, hollow implies not orbit.

Now, the conclusion is that all square moons cannot orbit. Let's see if that follows.

Let me try to chain these together. From Premise 1, square moons are chocolate objects. Then, Premise 2 says some chocolate objects are hollow. But ""some"" doesn't mean all. So, some square moons might be hollow? Wait, but we can't conclude that. Because Premise 1 says all square moons are chocolate, but Premise 2 says some chocolate objects are hollow. So the square moons could be part of that some, but maybe not. So it's possible that some square moons are hollow, but not necessarily all.

So, if some square moons are hollow, then from Premise 3, those hollow ones can't orbit. But the conclusion is about all square moons. So, unless we can show that all square moons are hollow, we can't conclude that all can't orbit.

But the premises don't state that all square moons are hollow. Only that some chocolate objects (which includes square moons) are hollow. So there's a possibility that some square moons are hollow, but others might not be. Therefore, the conclusion that all square moons cannot orbit would require that all square moons are hollow. But since only some chocolate objects are hollow, and all square moons are chocolate, it's possible that only some square moons are hollow, hence only those can't orbit. But the conclusion is about all.

Therefore, the conclusion doesn't necessarily follow. Because the premises only establish that some square moons are hollow (if they are part of the some chocolate objects that are hollow), but not all. So the conclusion is making a universal statement that isn't necessarily supported by the premises. So the syllogism is invalid.

Wait, but maybe I'm missing something. Let me try to formalize it with syllogistic terms.

Let me use categorical logic. Let's represent the statements:

Premise 1: All S (square moons) are C (chocolate objects).
Premise 2: Some C are H (hollow).
Premise 3: No H are O (can orbit). So H and O are disjoint sets.

Conclusion: All S are not O.

Now, in syllogistic terms, we can see if the conclusion follows. The conclusion is All S are non-O.

But from Premise 1, S is a subset of C. Premise 2 says that some C are H. Premise 3 says H and O are disjoint. But can we get that all S are non-O?

Well, since S is a subset of C, and some C are H, that doesn't mean all S are H. So there's a possibility that some S are H, but not all. Therefore, those S that are H can't orbit (from Premise 3), but the ones that aren't H might still be able to orbit. Therefore, the conclusion that all S cannot orbit isn't necessarily true. Hence, the syllogism is invalid.

Another angle: The premises don't link S to H directly. The only link is through C. Since some C are H, but not all, and S is entirely within C, we can't conclude about all S. Therefore, the conclusion is not valid.
</think>

Invalid. The conclusion does not necessarily follow from the premises. Here's why:

1. **Premise 1** states all square moons are chocolate objects (S → C).  
2. **Premise 2** states some chocolate objects are hollow (C ∩ H ≠ ∅).  
3. **Premise 3** states no hollow things can orbit (H ∩ O = ∅).  

The conclusion claims all square moons cannot orbit (S ∩ O = ∅). However, **Premise 2 only asserts that some chocolate objects are hollow**, not all. Since square moons are a subset of chocolate objects, it is possible that **only some square moons are hollow** (and thus cannot orbit), while others may not be hollow. The premises do not guarantee that **all square moons are hollow**, so the conclusion that **all square moons cannot orbit** is not logically entailed. The syllogism fails to establish a universal link between square moons and the inability to orbit. 

**Answer:** Invalid.",Invalid,True
